<?xml version="1.0" encoding="UTF-8"?><?xml-stylesheet type='text/xsl' href='_UpgradeReport_Files/UpgradeReport.xslt'?><UpgradeLog>
<Properties><Property Name="Solution" Value="CanLogger">
</Property><Property Name="Solution File" Value="D:\Midnight sun\CanLoggerClient - backup\CanLoggerClient\CanLoggerClient\CanLogger.sln">
</Property><Property Name="User Options File" Value="D:\Midnight sun\CanLoggerClient - backup\CanLoggerClient\CanLoggerClient\CanLogger.suo">
</Property><Property Name="Date" Value="2012년 5월 24일 목요일">
</Property><Property Name="Time" Value="오후 15:39">
</Property></Properties><Event ErrorLevel="0" Project="" Source="CanLogger.sln" Description="File successfully backed up as D:\Midnight sun\CanLoggerClient - backup\CanLoggerClient\CanLoggerClient\Backup\CanLogger.sln">
</Event><Event ErrorLevel="0" Project="" Source="CanLogger.suo" Description="File successfully backed up as D:\Midnight sun\CanLoggerClient - backup\CanLoggerClient\CanLoggerClient\Backup\CanLogger.suo">
</Event><Event ErrorLevel="0" Project="CanLogger" Source="CanLogger.csproj" Description="Project file successfully backed up as D:\Midnight sun\CanLoggerClient - backup\CanLoggerClient\CanLoggerClient\Backup\CanLogger.csproj">
</Event><Event ErrorLevel="0" Project="CanLogger" Source="CanLogger.csproj.user" Description="Project user file successfully backed up as D:\Midnight sun\CanLoggerClient - backup\CanLoggerClient\CanLoggerClient\Backup\CanLogger.csproj.user">
</Event><Event ErrorLevel="0" Project="CanLogger" Source="CanUsbConnection.cs" Description="File successfully backed up as D:\Midnight sun\CanLoggerClient - backup\CanLoggerClient\CanLoggerClient\Backup\CanUsbConnection.cs">
</Event><Event ErrorLevel="0" Project="CanLogger" Source="CanGui.cs" Description="File successfully backed up as D:\Midnight sun\CanLoggerClient - backup\CanLoggerClient\CanLoggerClient\Backup\CanGui.cs">
</Event><Event ErrorLevel="0" Project="CanLogger" Source="CanGui.Designer.cs" Description="File successfully backed up as D:\Midnight sun\CanLoggerClient - backup\CanLoggerClient\CanLoggerClient\Backup\CanGui.Designer.cs">
</Event><Event ErrorLevel="0" Project="CanLogger" Source="LawicelCanBus.cs" Description="File successfully backed up as D:\Midnight sun\CanLoggerClient - backup\CanLoggerClient\CanLoggerClient\Backup\LawicelCanBus.cs">
</Event><Event ErrorLevel="0" Project="CanLogger" Source="Message.cs" Description="File successfully backed up as D:\Midnight sun\CanLoggerClient - backup\CanLoggerClient\CanLoggerClient\Backup\Message.cs">
</Event><Event ErrorLevel="0" Project="CanLogger" Source="Program.cs" Description="File successfully backed up as D:\Midnight sun\CanLoggerClient - backup\CanLoggerClient\CanLoggerClient\Backup\Program.cs">
</Event><Event ErrorLevel="0" Project="CanLogger" Source="Properties\AssemblyInfo.cs" Description="File successfully backed up as D:\Midnight sun\CanLoggerClient - backup\CanLoggerClient\CanLoggerClient\Backup\Properties\AssemblyInfo.cs">
</Event><Event ErrorLevel="0" Project="CanLogger" Source="Properties\Resources.Designer.cs" Description="File successfully backed up as D:\Midnight sun\CanLoggerClient - backup\CanLoggerClient\CanLoggerClient\Backup\Properties\Resources.Designer.cs">
</Event><Event ErrorLevel="0" Project="CanLogger" Source="Properties\Settings.Designer.cs" Description="File successfully backed up as D:\Midnight sun\CanLoggerClient - backup\CanLoggerClient\CanLoggerClient\Backup\Properties\Settings.Designer.cs">
</Event><Event ErrorLevel="0" Project="CanLogger" Source="SqliteConnection.cs" Description="File successfully backed up as D:\Midnight sun\CanLoggerClient - backup\CanLoggerClient\CanLoggerClient\Backup\SqliteConnection.cs">
</Event><Event ErrorLevel="0" Project="CanLogger" Source="Properties\Settings.settings" Description="File successfully backed up as D:\Midnight sun\CanLoggerClient - backup\CanLoggerClient\CanLoggerClient\Backup\Properties\Settings.settings">
</Event><Event ErrorLevel="0" Project="CanLogger" Source="CanGui.resx" Description="File successfully backed up as D:\Midnight sun\CanLoggerClient - backup\CanLoggerClient\CanLoggerClient\Backup\CanGui.resx">
</Event><Event ErrorLevel="0" Project="CanLogger" Source="Properties\Resources.resx" Description="File successfully backed up as D:\Midnight sun\CanLoggerClient - backup\CanLoggerClient\CanLoggerClient\Backup\Properties\Resources.resx">
</Event><Event ErrorLevel="0" Project="CanLogger" Source="CanLogger.csproj" Description="Project converted successfully">
</Event><Event ErrorLevel="3" Project="CanLogger" Source="CanLogger.csproj" Description="Converted">
</Event><Event ErrorLevel="0" Project="" Source="CanLogger.sln" Description="Solution converted successfully">
</Event><Event ErrorLevel="3" Project="" Source="CanLogger.sln" Description="Converted">
</Event><Event ErrorLevel="0" Project="CanLogger" Source="CanLogger.csproj" Description="Scan complete: Upgrade not required for project files.">
</Event></UpgradeLog>